Iterations, main times, video times, expected times,error,total times
210,1571.0565731525421,35.129616022109985,3891.8566896380153,-2285.670500463363,1606.186189174652
100,1123.734853029251,4.245376110076904,2095.8643984353093,-967.8841692959813,1127.980229139328
100,1.6533617973327637,err,err,err,1.6533617973327637
100,164.2004930973053,3.104870080947876,3404.915141940118,-3237.6097787618646,167.30536317825317
100,3633.576917409897,3.523754835128784,3633.785360531374,3.315311713651681,3637.1006722450256
