Iterations, main times, video times, expected times,error,total times
100,1123.734853029251,4.245376110076904,2095.8643984353093,-967.8841692959813,1127.980229139328
